tkr,year,onset,end,duration,onset_pos,Cluster_ID,n_assets_in_cluster,n_epis_in_cluster,Cluster_Type
^GSPC,2000,2000-03-16,2000-03-16,1,50,0,1,2,ideosyncratic
^GSPC,2000,2000-04-13,2000-04-18,4,70,0,1,2,ideosyncratic
ZM=F,2000,2000-07-17,2000-07-17,1,134,1,1,1,ideosyncratic
NG=F,2000,2000-12-06,2000-12-15,8,234,2,2,6,multi-asset
NG=F,2001,2001-01-02,2001-01-02,1,251,2,2,6,multi-asset
^GSPC,2001,2001-01-02,2001-01-03,2,251,2,2,6,multi-asset
NG=F,2001,2001-01-17,2001-01-17,1,261,2,2,6,multi-asset
NG=F,2001,2001-01-31,2001-02-05,4,271,2,2,6,multi-asset
^GSPC,2001,2001-03-09,2001-04-10,23,297,2,2,6,multi-asset
ZW=F,2001,2001-07-13,2001-07-13,1,384,3,1,1,ideosyncratic
GC=F,2001,2001-09-14,2001-09-14,1,428,4,4,4,multi-asset
^GSPC,2001,2001-09-17,2001-09-24,6,429,4,4,4,multi-asset
CL=F,2001,2001-09-24,2001-09-24,1,434,4,4,4,multi-asset
NG=F,2001,2001-09-27,2001-09-27,1,437,4,4,4,multi-asset
CL=F,2001,2001-11-14,2001-11-16,3,471,5,2,2,multi-asset
NG=F,2001,2001-12-27,2001-12-27,1,500,5,2,2,multi-asset
^GSPC,2002,2002-07-05,2002-09-04,43,632,6,1,1,ideosyncratic
^GSPC,2002,2002-09-19,2002-10-16,20,685,7,2,2,multi-asset
ZW=F,2002,2002-10-15,2002-10-15,1,703,7,2,2,multi-asset
GC=F,2003,2003-02-12,2003-02-19,5,785,8,3,3,multi-asset
NG=F,2003,2003-02-24,2003-03-03,6,792,8,3,3,multi-asset
CL=F,2003,2003-03-18,2003-03-21,4,808,8,3,3,multi-asset
ZW=F,2003,2003-05-09,2003-05-09,1,845,9,1,1,ideosyncratic
ZM=F,2003,2003-07-14,2003-07-15,2,889,10,1,1,ideosyncratic
ZM=F,2003,2003-09-15,2003-09-15,1,933,11,1,1,ideosyncratic
ZW=F,2003,2003-12-30,2004-01-02,3,1007,12,1,1,ideosyncratic
ZW=F,2004,2004-03-17,2004-03-22,4,1060,13,3,8,multi-asset
ZM=F,2004,2004-04-15,2004-04-15,1,1080,13,3,8,multi-asset
HG=F,2004,2004-04-20,2004-04-21,2,1083,13,3,8,multi-asset
ZM=F,2004,2004-05-12,2004-05-20,7,1099,13,3,8,multi-asset
ZM=F,2004,2004-05-26,2004-06-03,6,1109,13,3,8,multi-asset
ZM=F,2004,2004-07-06,2004-07-22,13,1136,13,3,8,multi-asset
ZM=F,2004,2004-07-28,2004-07-28,1,1152,13,3,8,multi-asset
ZM=F,2004,2004-08-11,2004-08-11,1,1162,13,3,8,multi-asset
NG=F,2004,2004-09-29,2004-09-29,1,1196,14,2,5,multi-asset
HG=F,2004,2004-10-13,2004-10-13,1,1206,14,2,5,multi-asset
HG=F,2004,2004-10-29,2004-10-29,1,1218,14,2,5,multi-asset
NG=F,2004,2004-11-24,2004-11-24,1,1236,14,2,5,multi-asset
HG=F,2005,2005-01-03,2005-01-04,2,1262,14,2,5,multi-asset
HG=F,2005,2005-05-26,2005-05-27,2,1362,15,2,2,multi-asset
ZM=F,2005,2005-06-27,2005-06-28,2,1383,15,2,2,multi-asset
HG=F,2005,2005-11-29,2005-11-29,1,1492,16,1,1,ideosyncratic
GC=F,2006,2006-02-07,2006-02-13,5,1539,17,1,1,ideosyncratic
GC=F,2006,2006-04-17,2006-07-21,67,1586,18,2,2,multi-asset
HG=F,2006,2006-04-21,2006-07-06,52,1590,18,2,2,multi-asset
ZW=F,2006,2006-07-14,2006-07-17,2,1648,19,1,1,ideosyncratic
GC=F,2006,2006-09-05,2006-09-18,10,1685,20,4,5,multi-asset
NG=F,2006,2006-09-28,2006-09-28,1,1702,20,4,5,multi-asset
GC=F,2006,2006-09-28,2006-10-04,5,1702,20,4,5,multi-asset
ZW=F,2006,2006-10-04,2006-10-12,7,1706,20,4,5,multi-asset
HG=F,2006,2006-11-10,2006-11-10,1,1733,20,4,5,multi-asset
HG=F,2007,2007-01-03,2007-01-03,1,1771,21,2,2,multi-asset
ZM=F,2007,2007-01-12,2007-01-12,1,1778,21,2,2,multi-asset
ZM=F,2007,2007-07-16,2007-07-17,2,1904,22,2,2,multi-asset
HG=F,2007,2007-08-16,2007-08-16,1,1927,22,2,2,multi-asset
GC=F,2007,2007-11-12,2007-11-28,12,1988,23,2,2,multi-asset
HG=F,2007,2007-11-14,2007-11-21,6,1990,23,2,2,multi-asset
ZW=F,2008,2008-02-22,2008-04-07,31,2057,24,4,6,multi-asset
ZM=F,2008,2008-03-07,2008-03-10,2,2067,24,4,6,multi-asset
ZM=F,2008,2008-03-14,2008-03-25,7,2072,24,4,6,multi-asset
^GSPC,2008,2008-03-14,2008-03-19,4,2072,24,4,6,multi-asset
GC=F,2008,2008-03-19,2009-04-07,266,2075,24,4,6,multi-asset
ZM=F,2008,2008-03-31,2008-03-31,1,2082,24,4,6,multi-asset
ZW=F,2008,2008-06-05,2008-06-12,6,2129,25,5,17,multi-asset
ZM=F,2008,2008-07-15,2008-07-21,5,2156,25,5,17,multi-asset
ZM=F,2008,2008-08-04,2008-08-18,11,2170,25,5,17,multi-asset
ZW=F,2008,2008-08-06,2008-08-20,11,2172,25,5,17,multi-asset
^GSPC,2008,2008-09-08,2008-12-22,75,2194,25,5,17,multi-asset
ZM=F,2008,2008-09-15,2008-09-16,2,2199,25,5,17,multi-asset
ZW=F,2008,2008-09-16,2008-11-05,37,2200,25,5,17,multi-asset
CL=F,2008,2008-09-17,2009-01-27,91,2201,25,5,17,multi-asset
ZM=F,2008,2008-09-29,2008-10-10,10,2209,25,5,17,multi-asset
HG=F,2008,2008-09-29,2009-05-05,151,2209,25,5,17,multi-asset
ZM=F,2008,2008-10-29,2008-10-29,1,2231,25,5,17,multi-asset
ZW=F,2008,2008-11-21,2008-12-10,13,2248,25,5,17,multi-asset
^GSPC,2008,2008-12-29,2009-04-21,78,2272,25,5,17,multi-asset
ZW=F,2009,2009-01-07,2009-01-12,4,2278,25,5,17,multi-asset
ZM=F,2009,2009-01-09,2009-01-12,2,2280,25,5,17,multi-asset
CL=F,2009,2009-02-12,2009-03-12,20,2303,25,5,17,multi-asset
ZW=F,2009,2009-03-11,2009-03-20,8,2321,25,5,17,multi-asset
ZM=F,2009,2009-05-15,2009-05-15,1,2367,26,4,12,multi-asset
HG=F,2009,2009-06-01,2009-06-15,11,2377,26,4,12,multi-asset
ZW=F,2009,2009-06-01,2009-06-04,4,2377,26,4,12,multi-asset
ZM=F,2009,2009-07-07,2009-07-16,8,2402,26,4,12,multi-asset
ZM=F,2009,2009-08-17,2009-08-17,1,2431,26,4,12,multi-asset
ZM=F,2009,2009-09-01,2009-09-03,3,2442,26,4,12,multi-asset
NG=F,2009,2009-09-10,2009-09-17,6,2448,26,4,12,multi-asset
ZM=F,2009,2009-09-14,2009-09-14,1,2450,26,4,12,multi-asset
ZW=F,2009,2009-09-15,2009-09-15,1,2451,26,4,12,multi-asset
NG=F,2009,2009-09-29,2009-09-29,1,2461,26,4,12,multi-asset
ZM=F,2009,2009-10-15,2009-10-15,1,2473,26,4,12,multi-asset
NG=F,2009,2009-10-29,2009-10-29,1,2483,26,4,12,multi-asset
ZM=F,2010,2010-03-31,2010-03-31,1,2587,27,3,3,multi-asset
^GSPC,2010,2010-05-06,2010-06-04,21,2612,27,3,3,multi-asset
HG=F,2010,2010-05-17,2010-05-21,5,2619,27,3,3,multi-asset
ZW=F,2010,2010-07-07,2010-07-15,7,2654,28,1,2,ideosyncratic
ZW=F,2010,2010-07-30,2010-08-10,8,2671,28,1,2,ideosyncratic
ZW=F,2010,2010-10-08,2010-10-08,1,2720,29,3,4,multi-asset
ZM=F,2010,2010-10-08,2010-10-08,1,2720,29,3,4,multi-asset
NG=F,2010,2010-10-28,2010-10-28,1,2734,29,3,4,multi-asset
ZM=F,2010,2010-11-12,2010-11-16,3,2745,29,3,4,multi-asset
ZW=F,2011,2011-02-22,2011-02-22,1,2813,30,1,2,ideosyncratic
ZW=F,2011,2011-03-16,2011-03-17,2,2829,30,1,2,ideosyncratic
ZW=F,2011,2011-05-09,2011-05-18,8,2866,31,1,1,ideosyncratic
ZW=F,2011,2011-06-22,2011-07-13,15,2897,32,4,6,multi-asset
^GSPC,2011,2011-08-04,2011-09-12,27,2927,32,4,6,multi-asset
GC=F,2011,2011-08-08,2011-12-15,92,2929,32,4,6,multi-asset
^GSPC,2011,2011-09-19,2011-11-09,38,2958,32,4,6,multi-asset
HG=F,2011,2011-09-22,2011-10-27,26,2961,32,4,6,multi-asset
ZW=F,2011,2011-09-29,2011-10-12,10,2966,32,4,6,multi-asset
ZW=F,2012,2012-03-30,2012-03-30,1,3092,33,1,1,ideosyncratic
ZW=F,2012,2012-06-25,2012-06-25,1,3151,34,1,2,ideosyncratic
ZW=F,2012,2012-07-03,2012-07-05,2,3157,34,1,2,ideosyncratic
GC=F,2013,2013-04-12,2013-07-08,60,3350,35,2,2,multi-asset
ZM=F,2013,2013-05-15,2013-05-15,1,3373,35,2,2,multi-asset
ZM=F,2013,2013-07-15,2013-07-15,1,3414,36,1,2,ideosyncratic
ZM=F,2013,2013-07-24,2013-07-26,3,3421,36,1,2,ideosyncratic
GC=F,2013,2013-09-12,2013-10-02,15,3456,37,2,2,multi-asset
ZM=F,2013,2013-09-16,2013-09-16,1,3458,37,2,2,multi-asset
ZM=F,2014,2014-07-15,2014-07-15,1,3666,38,1,6,ideosyncratic
ZM=F,2014,2014-08-14,2014-08-15,2,3688,38,1,6,ideosyncratic
ZM=F,2014,2014-08-22,2014-08-27,4,3694,38,1,6,ideosyncratic
ZM=F,2014,2014-09-11,2014-09-15,3,3707,38,1,6,ideosyncratic
ZM=F,2014,2014-10-14,2014-10-15,2,3730,38,1,6,ideosyncratic
ZM=F,2014,2014-10-27,2014-10-30,4,3739,38,1,6,ideosyncratic
ZM=F,2014,2014-12-12,2014-12-15,2,3772,39,2,3,multi-asset
ZM=F,2015,2015-01-14,2015-01-14,1,3793,39,2,3,multi-asset
CL=F,2015,2015-02-02,2015-02-04,3,3805,39,2,3,multi-asset
ZW=F,2015,2015-06-26,2015-07-01,4,3906,40,1,1,ideosyncratic
^GSPC,2015,2015-08-21,2015-08-28,6,3945,41,2,2,multi-asset
CL=F,2015,2015-08-27,2015-09-01,4,3949,41,2,2,multi-asset
CL=F,2016,2016-01-20,2016-02-12,18,4048,42,1,1,ideosyncratic
ZW=F,2017,2017-06-29,2017-07-05,4,4412,43,1,1,ideosyncratic
NG=F,2018,2018-11-14,2018-11-15,2,4760,44,2,3,multi-asset
^GSPC,2018,2018-12-21,2018-12-26,3,4785,44,2,3,multi-asset
NG=F,2019,2019-01-14,2019-01-14,1,4799,44,2,3,multi-asset
CL=F,2019,2019-09-16,2019-09-16,1,4968,45,1,1,ideosyncratic
^GSPC,2020,2020-02-24,2020-04-22,42,5078,46,4,4,multi-asset
GC=F,2020,2020-02-27,2020-04-17,36,5081,46,4,4,multi-asset
CL=F,2020,2020-03-06,2020-05-18,50,5087,46,4,4,multi-asset
HG=F,2020,2020-03-17,2020-03-18,2,5094,46,4,4,multi-asset
^GSPC,2020,2020-06-11,2020-06-11,1,5154,47,1,1,ideosyncratic
NG=F,2020,2020-08-03,2020-08-03,1,5190,48,2,2,multi-asset
GC=F,2020,2020-08-07,2020-08-18,8,5194,48,2,2,multi-asset
NG=F,2020,2020-09-23,2020-09-29,5,5226,49,1,1,ideosyncratic
HG=F,2021,2021-04-27,2021-04-28,2,5374,50,2,2,multi-asset
ZM=F,2021,2021-05-13,2021-05-13,1,5386,50,2,2,multi-asset
ZM=F,2021,2021-06-30,2021-07-06,4,5419,51,1,1,ideosyncratic
CL=F,2021,2021-11-26,2021-11-26,1,5523,52,7,32,multi-asset
ZM=F,2021,2021-12-14,2021-12-15,2,5535,52,7,32,multi-asset
NG=F,2022,2022-01-12,2022-01-13,2,5555,52,7,32,multi-asset
ZM=F,2022,2022-01-14,2022-01-18,2,5557,52,7,32,multi-asset
NG=F,2022,2022-01-27,2022-02-03,6,5565,52,7,32,multi-asset
ZW=F,2022,2022-02-22,2022-03-21,20,5582,52,7,32,multi-asset
CL=F,2022,2022-03-01,2022-03-18,14,5587,52,7,32,multi-asset
GC=F,2022,2022-03-04,2022-03-09,4,5590,52,7,32,multi-asset
ZM=F,2022,2022-03-14,2022-03-15,2,5596,52,7,32,multi-asset
^GSPC,2022,2022-04-26,2022-05-18,17,5626,52,7,32,multi-asset
NG=F,2022,2022-05-09,2022-05-09,1,5635,52,7,32,multi-asset
ZW=F,2022,2022-05-12,2022-05-19,6,5638,52,7,32,multi-asset
ZW=F,2022,2022-05-31,2022-06-01,2,5650,52,7,32,multi-asset
^GSPC,2022,2022-06-09,2022-06-16,6,5657,52,7,32,multi-asset
NG=F,2022,2022-06-14,2022-06-14,1,5660,52,7,32,multi-asset
ZW=F,2022,2022-06-17,2022-07-18,20,5663,52,7,32,multi-asset
NG=F,2022,2022-06-30,2022-06-30,1,5671,52,7,32,multi-asset
HG=F,2022,2022-07-05,2022-07-12,6,5673,52,7,32,multi-asset
NG=F,2022,2022-07-07,2022-07-07,1,5675,52,7,32,multi-asset
ZM=F,2022,2022-07-15,2022-07-15,1,5681,52,7,32,multi-asset
ZW=F,2022,2022-07-22,2022-07-22,1,5686,52,7,32,multi-asset
ZM=F,2022,2022-08-15,2022-08-15,1,5702,52,7,32,multi-asset
ZM=F,2022,2022-09-12,2022-09-15,4,5721,52,7,32,multi-asset
ZW=F,2022,2022-09-19,2022-09-20,2,5726,52,7,32,multi-asset
NG=F,2022,2022-10-28,2022-11-08,8,5755,52,7,32,multi-asset
HG=F,2022,2022-10-28,2022-11-04,6,5755,52,7,32,multi-asset
ZW=F,2022,2022-10-31,2022-11-02,3,5756,52,7,32,multi-asset
^GSPC,2022,2022-11-10,2022-11-10,1,5764,52,7,32,multi-asset
NG=F,2022,2022-12-19,2022-12-19,1,5790,52,7,32,multi-asset
ZM=F,2023,2023-01-17,2023-01-17,1,5808,52,7,32,multi-asset
NG=F,2023,2023-01-30,2023-01-30,1,5817,52,7,32,multi-asset
NG=F,2023,2023-03-06,2023-03-06,1,5841,52,7,32,multi-asset
ZW=F,2023,2023-06-16,2023-07-05,12,5913,53,2,4,multi-asset
ZM=F,2023,2023-06-21,2023-06-22,2,5915,53,2,4,multi-asset
ZW=F,2023,2023-07-12,2023-07-31,14,5929,53,2,4,multi-asset
ZM=F,2023,2023-08-14,2023-08-15,2,5952,53,2,4,multi-asset
NG=F,2024,2024-01-30,2024-01-30,1,6069,54,1,2,ideosyncratic
NG=F,2024,2024-02-28,2024-02-28,1,6089,54,1,2,ideosyncratic
NG=F,2024,2024-04-29,2024-04-29,1,6131,55,1,1,ideosyncratic
ZM=F,2024,2024-07-15,2024-07-15,1,6183,56,1,1,ideosyncratic
NG=F,2024,2024-10-30,2024-10-30,1,6259,57,1,1,ideosyncratic
NG=F,2025,2025-01-30,2025-01-30,1,6321,58,1,1,ideosyncratic
^GSPC,2025,2025-04-03,2025-04-11,7,6365,59,3,3,multi-asset
GC=F,2025,2025-04-03,2025-05-23,36,6365,59,3,3,multi-asset
HG=F,2025,2025-04-03,2025-04-08,4,6365,59,3,3,multi-asset
HG=F,2025,2025-07-08,2025-07-09,2,6430,60,1,2,ideosyncratic
HG=F,2025,2025-07-31,2025-07-31,1,6447,60,1,2,ideosyncratic
GC=F,2025,2025-10-08,2025-10-27,14,6495,61,2,2,multi-asset
NG=F,2025,2025-10-30,2025-10-30,1,6511,61,2,2,multi-asset
HG=F,2025,2025-12-26,2026-01-05,6,6550,62,4,6,multi-asset
GC=F,2025,2025-12-29,2026-04-13,72,6551,62,4,6,multi-asset
NG=F,2025,2025-12-30,2025-12-30,1,6552,62,4,6,multi-asset
NG=F,2026,2026-01-20,2026-02-02,10,6565,62,4,6,multi-asset
HG=F,2026,2026-01-29,2026-02-03,4,6572,62,4,6,multi-asset
CL=F,2026,2026-03-05,2026-04-20,32,6596,62,4,6,multi-asset
GC=F,2026,2026-06-01,2026-07-23,37,6656,63,1,1,ideosyncratic
