tkr,year,onset,end,duration
CL=F,2001,2001-09-24,2001-09-24,1
CL=F,2001,2001-11-14,2001-11-16,3
CL=F,2003,2003-03-18,2003-03-21,4
CL=F,2008,2008-09-17,2009-01-27,91
CL=F,2009,2009-02-12,2009-03-12,20
CL=F,2015,2015-02-02,2015-02-04,3
CL=F,2015,2015-08-27,2015-09-01,4
CL=F,2016,2016-01-20,2016-02-12,18
CL=F,2019,2019-09-16,2019-09-16,1
CL=F,2020,2020-03-06,2020-05-18,50
CL=F,2021,2021-11-26,2021-11-26,1
CL=F,2022,2022-03-01,2022-03-18,14
CL=F,2026,2026-03-05,2026-04-20,32
GC=F,2001,2001-09-14,2001-09-14,1
GC=F,2003,2003-02-12,2003-02-19,5
GC=F,2006,2006-02-07,2006-02-13,5
GC=F,2006,2006-04-17,2006-07-21,67
GC=F,2006,2006-09-05,2006-09-18,10
GC=F,2006,2006-09-28,2006-10-04,5
GC=F,2007,2007-11-12,2007-11-28,12
GC=F,2008,2008-03-19,2009-04-07,266
GC=F,2011,2011-08-08,2011-12-15,92
GC=F,2013,2013-04-12,2013-07-08,60
GC=F,2013,2013-09-12,2013-10-02,15
GC=F,2020,2020-02-27,2020-04-17,36
GC=F,2020,2020-08-07,2020-08-18,8
GC=F,2022,2022-03-04,2022-03-09,4
GC=F,2025,2025-04-03,2025-05-23,36
GC=F,2025,2025-10-08,2025-10-27,14
GC=F,2025,2025-12-29,2026-04-13,72
GC=F,2026,2026-06-01,2026-07-23,37
HG=F,2004,2004-04-20,2004-04-21,2
HG=F,2004,2004-10-13,2004-10-13,1
HG=F,2004,2004-10-29,2004-10-29,1
HG=F,2005,2005-01-03,2005-01-04,2
HG=F,2005,2005-05-26,2005-05-27,2
HG=F,2005,2005-11-29,2005-11-29,1
HG=F,2006,2006-04-21,2006-07-06,52
HG=F,2006,2006-11-10,2006-11-10,1
HG=F,2007,2007-01-03,2007-01-03,1
HG=F,2007,2007-08-16,2007-08-16,1
HG=F,2007,2007-11-14,2007-11-21,6
HG=F,2008,2008-09-29,2009-05-05,151
HG=F,2009,2009-06-01,2009-06-15,11
HG=F,2010,2010-05-17,2010-05-21,5
HG=F,2011,2011-09-22,2011-10-27,26
HG=F,2020,2020-03-17,2020-03-18,2
HG=F,2021,2021-04-27,2021-04-28,2
HG=F,2022,2022-07-05,2022-07-12,6
HG=F,2022,2022-10-28,2022-11-04,6
HG=F,2025,2025-04-03,2025-04-08,4
HG=F,2025,2025-07-08,2025-07-09,2
HG=F,2025,2025-07-31,2025-07-31,1
HG=F,2025,2025-12-26,2026-01-05,6
HG=F,2026,2026-01-29,2026-02-03,4
NG=F,2000,2000-12-06,2000-12-15,8
NG=F,2001,2001-01-02,2001-01-02,1
NG=F,2001,2001-01-17,2001-01-17,1
NG=F,2001,2001-01-31,2001-02-05,4
NG=F,2001,2001-09-27,2001-09-27,1
NG=F,2001,2001-12-27,2001-12-27,1
NG=F,2003,2003-02-24,2003-03-03,6
NG=F,2004,2004-09-29,2004-09-29,1
NG=F,2004,2004-11-24,2004-11-24,1
NG=F,2006,2006-09-28,2006-09-28,1
NG=F,2009,2009-09-10,2009-09-17,6
NG=F,2009,2009-09-29,2009-09-29,1
NG=F,2009,2009-10-29,2009-10-29,1
NG=F,2010,2010-10-28,2010-10-28,1
NG=F,2018,2018-11-14,2018-11-15,2
NG=F,2019,2019-01-14,2019-01-14,1
NG=F,2020,2020-08-03,2020-08-03,1
NG=F,2020,2020-09-23,2020-09-29,5
NG=F,2022,2022-01-12,2022-01-13,2
NG=F,2022,2022-01-27,2022-02-03,6
NG=F,2022,2022-05-09,2022-05-09,1
NG=F,2022,2022-06-14,2022-06-14,1
NG=F,2022,2022-06-30,2022-07-07,5
NG=F,2022,2022-10-28,2022-11-08,8
NG=F,2022,2022-12-19,2022-12-19,1
NG=F,2023,2023-01-30,2023-01-30,1
NG=F,2023,2023-03-06,2023-03-06,1
NG=F,2024,2024-01-30,2024-01-30,1
NG=F,2024,2024-02-28,2024-02-28,1
NG=F,2024,2024-04-29,2024-04-29,1
NG=F,2024,2024-10-30,2024-10-30,1
NG=F,2025,2025-01-30,2025-01-30,1
NG=F,2025,2025-10-30,2025-10-30,1
NG=F,2025,2025-12-30,2025-12-30,1
NG=F,2026,2026-01-20,2026-02-02,10
ZM=F,2000,2000-07-17,2000-07-17,1
ZM=F,2003,2003-07-14,2003-07-15,2
ZM=F,2003,2003-09-15,2003-09-15,1
ZM=F,2004,2004-04-15,2004-04-15,1
ZM=F,2004,2004-05-12,2004-06-03,16
ZM=F,2004,2004-07-06,2004-07-28,17
ZM=F,2004,2004-08-11,2004-08-11,1
ZM=F,2005,2005-06-27,2005-06-28,2
ZM=F,2007,2007-01-12,2007-01-12,1
ZM=F,2007,2007-07-16,2007-07-17,2
ZM=F,2008,2008-03-07,2008-03-31,16
ZM=F,2008,2008-07-15,2008-07-21,5
ZM=F,2008,2008-08-04,2008-08-18,11
ZM=F,2008,2008-09-15,2008-09-16,2
ZM=F,2008,2008-09-29,2008-10-10,10
ZM=F,2008,2008-10-29,2008-10-29,1
ZM=F,2009,2009-01-09,2009-01-12,2
ZM=F,2009,2009-05-15,2009-05-15,1
ZM=F,2009,2009-07-07,2009-07-16,8
ZM=F,2009,2009-08-17,2009-08-17,1
ZM=F,2009,2009-09-01,2009-09-03,3
ZM=F,2009,2009-09-14,2009-09-14,1
ZM=F,2009,2009-10-15,2009-10-15,1
ZM=F,2010,2010-03-31,2010-03-31,1
ZM=F,2010,2010-10-08,2010-10-08,1
ZM=F,2010,2010-11-12,2010-11-16,3
ZM=F,2013,2013-05-15,2013-05-15,1
ZM=F,2013,2013-07-15,2013-07-15,1
ZM=F,2013,2013-07-24,2013-07-26,3
ZM=F,2013,2013-09-16,2013-09-16,1
ZM=F,2014,2014-07-15,2014-07-15,1
ZM=F,2014,2014-08-14,2014-08-15,2
ZM=F,2014,2014-08-22,2014-08-27,4
ZM=F,2014,2014-09-11,2014-09-15,3
ZM=F,2014,2014-10-14,2014-10-15,2
ZM=F,2014,2014-10-27,2014-10-30,4
ZM=F,2014,2014-12-12,2014-12-15,2
ZM=F,2015,2015-01-14,2015-01-14,1
ZM=F,2021,2021-05-13,2021-05-13,1
ZM=F,2021,2021-06-30,2021-07-06,4
ZM=F,2021,2021-12-14,2021-12-15,2
ZM=F,2022,2022-01-14,2022-01-18,2
ZM=F,2022,2022-03-14,2022-03-15,2
ZM=F,2022,2022-07-15,2022-07-15,1
ZM=F,2022,2022-08-15,2022-08-15,1
ZM=F,2022,2022-09-12,2022-09-15,4
ZM=F,2023,2023-01-17,2023-01-17,1
ZM=F,2023,2023-06-21,2023-06-22,2
ZM=F,2023,2023-08-14,2023-08-15,2
ZM=F,2024,2024-07-15,2024-07-15,1
ZW=F,2001,2001-07-13,2001-07-13,1
ZW=F,2002,2002-10-15,2002-10-15,1
ZW=F,2003,2003-05-09,2003-05-09,1
ZW=F,2003,2003-12-30,2004-01-02,3
ZW=F,2004,2004-03-17,2004-03-22,4
ZW=F,2006,2006-07-14,2006-07-17,2
ZW=F,2006,2006-10-04,2006-10-12,7
ZW=F,2008,2008-02-22,2008-04-07,31
ZW=F,2008,2008-06-05,2008-06-12,6
ZW=F,2008,2008-08-06,2008-08-20,11
ZW=F,2008,2008-09-16,2008-11-05,37
ZW=F,2008,2008-11-21,2008-12-10,13
ZW=F,2009,2009-01-07,2009-01-12,4
ZW=F,2009,2009-03-11,2009-03-20,8
ZW=F,2009,2009-06-01,2009-06-04,4
ZW=F,2009,2009-09-15,2009-09-15,1
ZW=F,2010,2010-07-07,2010-07-15,7
ZW=F,2010,2010-07-30,2010-08-10,8
ZW=F,2010,2010-10-08,2010-10-08,1
ZW=F,2011,2011-02-22,2011-02-22,1
ZW=F,2011,2011-03-16,2011-03-17,2
ZW=F,2011,2011-05-09,2011-05-18,8
ZW=F,2011,2011-06-22,2011-07-13,15
ZW=F,2011,2011-09-29,2011-10-12,10
ZW=F,2012,2012-03-30,2012-03-30,1
ZW=F,2012,2012-06-25,2012-06-25,1
ZW=F,2012,2012-07-03,2012-07-05,2
ZW=F,2015,2015-06-26,2015-07-01,4
ZW=F,2017,2017-06-29,2017-07-05,4
ZW=F,2022,2022-02-22,2022-03-21,20
ZW=F,2022,2022-05-12,2022-05-19,6
ZW=F,2022,2022-05-31,2022-06-01,2
ZW=F,2022,2022-06-17,2022-07-22,24
ZW=F,2022,2022-09-19,2022-09-20,2
ZW=F,2022,2022-10-31,2022-11-02,3
ZW=F,2023,2023-06-16,2023-07-05,12
ZW=F,2023,2023-07-12,2023-07-31,14
^GSPC,2000,2000-03-16,2000-03-16,1
^GSPC,2000,2000-04-13,2000-04-18,4
^GSPC,2001,2001-01-02,2001-01-03,2
^GSPC,2001,2001-03-09,2001-04-10,23
^GSPC,2001,2001-09-17,2001-09-24,6
^GSPC,2002,2002-07-05,2002-09-04,43
^GSPC,2002,2002-09-19,2002-10-16,20
^GSPC,2008,2008-03-14,2008-03-19,4
^GSPC,2008,2008-09-08,2009-04-21,156
^GSPC,2010,2010-05-06,2010-06-04,21
^GSPC,2011,2011-08-04,2011-09-12,27
^GSPC,2011,2011-09-19,2011-11-09,38
^GSPC,2015,2015-08-21,2015-08-28,6
^GSPC,2018,2018-12-21,2018-12-26,3
^GSPC,2020,2020-02-24,2020-04-22,42
^GSPC,2020,2020-06-11,2020-06-11,1
^GSPC,2022,2022-04-26,2022-05-18,17
^GSPC,2022,2022-06-09,2022-06-16,6
^GSPC,2022,2022-11-10,2022-11-10,1
^GSPC,2025,2025-04-03,2025-04-11,7
